"filename", "language", "TypeScript", "HTML", "SCSS", "comment", "blank", "total"
"/Users/jonathanlathrop/Desktop/Appointment-moving/appointment2/Appointments2 copy/src/app/angular-material.module.ts", "TypeScript", 34, 0, 0, 0, 0, 34
"/Users/jonathanlathrop/Desktop/Appointment-moving/appointment2/Appointments2 copy/src/app/app-routing.module.ts", "TypeScript", 18, 0, 0, 0, 3, 21
"/Users/jonathanlathrop/Desktop/Appointment-moving/appointment2/Appointments2 copy/src/app/app.component.html", "HTML", 0, 2, 0, 7, 2, 11
"/Users/jonathanlathrop/Desktop/Appointment-moving/appointment2/Appointments2 copy/src/app/app.component.scss", "SCSS", 0, 0, 3, 0, 0, 3
"/Users/jonathanlathrop/Desktop/Appointment-moving/appointment2/Appointments2 copy/src/app/app.component.spec.ts", "TypeScript", 31, 0, 0, 0, 5, 36
"/Users/jonathanlathrop/Desktop/Appointment-moving/appointment2/Appointments2 copy/src/app/app.component.ts", "TypeScript", 15, 0, 0, 0, 3, 18
"/Users/jonathanlathrop/Desktop/Appointment-moving/appointment2/Appointments2 copy/src/app/app.module.ts", "TypeScript", 52, 0, 0, 0, 5, 57
"/Users/jonathanlathrop/Desktop/Appointment-moving/appointment2/Appointments2 copy/src/app/appointment/appointment-routing.module.ts", "TypeScript", 15, 0, 0, 1, 3, 19
"/Users/jonathanlathrop/Desktop/Appointment-moving/appointment2/Appointments2 copy/src/app/appointment/appointment.component.html", "HTML", 0, 67, 0, 0, 24, 91
"/Users/jonathanlathrop/Desktop/Appointment-moving/appointment2/Appointments2 copy/src/app/appointment/appointment.component.scss", "SCSS", 0, 0, 133, 0, 5, 138
"/Users/jonathanlathrop/Desktop/Appointment-moving/appointment2/Appointments2 copy/src/app/appointment/appointment.component.spec.ts", "TypeScript", 20, 0, 0, 0, 6, 26
"/Users/jonathanlathrop/Desktop/Appointment-moving/appointment2/Appointments2 copy/src/app/appointment/appointment.component.ts", "TypeScript", 319, 0, 0, 59, 41, 419
"/Users/jonathanlathrop/Desktop/Appointment-moving/appointment2/Appointments2 copy/src/app/appointment/appointment.model.ts", "TypeScript", 23, 0, 0, 0, 0, 23
"/Users/jonathanlathrop/Desktop/Appointment-moving/appointment2/Appointments2 copy/src/app/appointment/appointment.module.ts", "TypeScript", 39, 0, 0, 1, 3, 43
"/Users/jonathanlathrop/Desktop/Appointment-moving/appointment2/Appointments2 copy/src/app/appointment/appointment.service.ts", "TypeScript", 317, 0, 0, 22, 44, 383
"/Users/jonathanlathrop/Desktop/Appointment-moving/appointment2/Appointments2 copy/src/app/appointment/confirmation-dialog/confirmation-dialog.component.html", "HTML", 0, 14, 0, 0, 1, 15
"/Users/jonathanlathrop/Desktop/Appointment-moving/appointment2/Appointments2 copy/src/app/appointment/confirmation-dialog/confirmation-dialog.component.scss", "SCSS", 0, 0, 0, 0, 1, 1
"/Users/jonathanlathrop/Desktop/Appointment-moving/appointment2/Appointments2 copy/src/app/appointment/confirmation-dialog/confirmation-dialog.component.spec.ts", "TypeScript", 20, 0, 0, 0, 6, 26
"/Users/jonathanlathrop/Desktop/Appointment-moving/appointment2/Appointments2 copy/src/app/appointment/confirmation-dialog/confirmation-dialog.component.ts", "TypeScript", 32, 0, 0, 0, 5, 37
"/Users/jonathanlathrop/Desktop/Appointment-moving/appointment2/Appointments2 copy/src/app/appointment/mime-type.validator.ts", "TypeScript", 46, 0, 0, 0, 2, 48
"/Users/jonathanlathrop/Desktop/Appointment-moving/appointment2/Appointments2 copy/src/app/appointment/testimonial.model.ts", "TypeScript", 8, 0, 0, 0, 0, 8
"/Users/jonathanlathrop/Desktop/Appointment-moving/appointment2/Appointments2 copy/src/app/auth/auth-data.model.ts", "TypeScript", 4, 0, 0, 0, 1, 5
"/Users/jonathanlathrop/Desktop/Appointment-moving/appointment2/Appointments2 copy/src/app/auth/auth-interceptor.ts", "TypeScript", 19, 0, 0, 8, 4, 31
"/Users/jonathanlathrop/Desktop/Appointment-moving/appointment2/Appointments2 copy/src/app/auth/auth-routing.module.ts", "TypeScript", 22, 0, 0, 1, 4, 27
"/Users/jonathanlathrop/Desktop/Appointment-moving/appointment2/Appointments2 copy/src/app/auth/auth.guard.ts", "TypeScript", 23, 0, 0, 0, 4, 27
"/Users/jonathanlathrop/Desktop/Appointment-moving/appointment2/Appointments2 copy/src/app/auth/auth.module.ts", "TypeScript", 21, 0, 0, 1, 1, 23
"/Users/jonathanlathrop/Desktop/Appointment-moving/appointment2/Appointments2 copy/src/app/auth/auth.service.ts", "TypeScript", 154, 0, 0, 15, 26, 195
"/Users/jonathanlathrop/Desktop/Appointment-moving/appointment2/Appointments2 copy/src/app/auth/confirm.service.ts", "TypeScript", 40, 0, 0, 15, 16, 71
"/Users/jonathanlathrop/Desktop/Appointment-moving/appointment2/Appointments2 copy/src/app/auth/confirmation/confirmation.component.html", "HTML", 0, 1, 0, 0, 1, 2
"/Users/jonathanlathrop/Desktop/Appointment-moving/appointment2/Appointments2 copy/src/app/auth/confirmation/confirmation.component.scss", "SCSS", 0, 0, 0, 0, 1, 1
"/Users/jonathanlathrop/Desktop/Appointment-moving/appointment2/Appointments2 copy/src/app/auth/confirmation/confirmation.component.spec.ts", "TypeScript", 20, 0, 0, 0, 6, 26
"/Users/jonathanlathrop/Desktop/Appointment-moving/appointment2/Appointments2 copy/src/app/auth/confirmation/confirmation.component.ts", "TypeScript", 11, 0, 0, 0, 5, 16
"/Users/jonathanlathrop/Desktop/Appointment-moving/appointment2/Appointments2 copy/src/app/auth/confirmation/confirmer.model.ts", "TypeScript", 4, 0, 0, 0, 0, 4
"/Users/jonathanlathrop/Desktop/Appointment-moving/appointment2/Appointments2 copy/src/app/auth/confirmation/confirmer2.model.ts", "TypeScript", 5, 0, 0, 0, 0, 5
"/Users/jonathanlathrop/Desktop/Appointment-moving/appointment2/Appointments2 copy/src/app/auth/confirmation/reset/reset.component.html", "HTML", 0, 1, 0, 0, 1, 2
"/Users/jonathanlathrop/Desktop/Appointment-moving/appointment2/Appointments2 copy/src/app/auth/confirmation/reset/reset.component.scss", "SCSS", 0, 0, 0, 0, 1, 1
"/Users/jonathanlathrop/Desktop/Appointment-moving/appointment2/Appointments2 copy/src/app/auth/confirmation/reset/reset.component.spec.ts", "TypeScript", 20, 0, 0, 0, 6, 26
"/Users/jonathanlathrop/Desktop/Appointment-moving/appointment2/Appointments2 copy/src/app/auth/confirmation/reset/reset.component.ts", "TypeScript", 11, 0, 0, 0, 5, 16
"/Users/jonathanlathrop/Desktop/Appointment-moving/appointment2/Appointments2 copy/src/app/auth/forgot/forgot.component.html", "HTML", 0, 12, 0, 0, 4, 16
"/Users/jonathanlathrop/Desktop/Appointment-moving/appointment2/Appointments2 copy/src/app/auth/forgot/forgot.component.scss", "SCSS", 0, 0, 34, 0, 2, 36
"/Users/jonathanlathrop/Desktop/Appointment-moving/appointment2/Appointments2 copy/src/app/auth/forgot/forgot.component.spec.ts", "TypeScript", 20, 0, 0, 0, 6, 26
"/Users/jonathanlathrop/Desktop/Appointment-moving/appointment2/Appointments2 copy/src/app/auth/forgot/forgot.component.ts", "TypeScript", 50, 0, 0, 3, 13, 66
"/Users/jonathanlathrop/Desktop/Appointment-moving/appointment2/Appointments2 copy/src/app/auth/login/login.component.html", "HTML", 0, 16, 0, 0, 4, 20
"/Users/jonathanlathrop/Desktop/Appointment-moving/appointment2/Appointments2 copy/src/app/auth/login/login.component.scss", "SCSS", 0, 0, 9, 0, 1, 10
"/Users/jonathanlathrop/Desktop/Appointment-moving/appointment2/Appointments2 copy/src/app/auth/login/login.component.spec.ts", "TypeScript", 20, 0, 0, 0, 6, 26
"/Users/jonathanlathrop/Desktop/Appointment-moving/appointment2/Appointments2 copy/src/app/auth/login/login.component.ts", "TypeScript", 53, 0, 0, 0, 13, 66
"/Users/jonathanlathrop/Desktop/Appointment-moving/appointment2/Appointments2 copy/src/app/auth/signup/signup.component.html", "HTML", 0, 19, 0, 0, 1, 20
"/Users/jonathanlathrop/Desktop/Appointment-moving/appointment2/Appointments2 copy/src/app/auth/signup/signup.component.scss", "SCSS", 0, 0, 32, 0, 2, 34
"/Users/jonathanlathrop/Desktop/Appointment-moving/appointment2/Appointments2 copy/src/app/auth/signup/signup.component.spec.ts", "TypeScript", 20, 0, 0, 0, 6, 26
"/Users/jonathanlathrop/Desktop/Appointment-moving/appointment2/Appointments2 copy/src/app/auth/signup/signup.component.ts", "TypeScript", 72, 0, 0, 26, 17, 115
"/Users/jonathanlathrop/Desktop/Appointment-moving/appointment2/Appointments2 copy/src/app/auth/snack.service.ts", "TypeScript", 24, 0, 0, 8, 9, 41
"/Users/jonathanlathrop/Desktop/Appointment-moving/appointment2/Appointments2 copy/src/app/console/action-dialog/action-dialog.component.html", "HTML", 0, 7, 0, 0, 3, 10
"/Users/jonathanlathrop/Desktop/Appointment-moving/appointment2/Appointments2 copy/src/app/console/action-dialog/action-dialog.component.scss", "SCSS", 0, 0, 0, 0, 1, 1
"/Users/jonathanlathrop/Desktop/Appointment-moving/appointment2/Appointments2 copy/src/app/console/action-dialog/action-dialog.component.spec.ts", "TypeScript", 20, 0, 0, 0, 6, 26
"/Users/jonathanlathrop/Desktop/Appointment-moving/appointment2/Appointments2 copy/src/app/console/action-dialog/action-dialog.component.ts", "TypeScript", 31, 0, 0, 0, 4, 35
"/Users/jonathanlathrop/Desktop/Appointment-moving/appointment2/Appointments2 copy/src/app/console/console-routing.module.ts", "TypeScript", 15, 0, 0, 1, 4, 20
"/Users/jonathanlathrop/Desktop/Appointment-moving/appointment2/Appointments2 copy/src/app/console/console.module.ts", "TypeScript", 30, 0, 0, 0, 3, 33
"/Users/jonathanlathrop/Desktop/Appointment-moving/appointment2/Appointments2 copy/src/app/console/console/console.component.html", "HTML", 0, 13, 0, 0, 7, 20
"/Users/jonathanlathrop/Desktop/Appointment-moving/appointment2/Appointments2 copy/src/app/console/console/console.component.scss", "SCSS", 0, 0, 19, 0, 1, 20
"/Users/jonathanlathrop/Desktop/Appointment-moving/appointment2/Appointments2 copy/src/app/console/console/console.component.spec.ts", "TypeScript", 20, 0, 0, 0, 6, 26
"/Users/jonathanlathrop/Desktop/Appointment-moving/appointment2/Appointments2 copy/src/app/console/console/console.component.ts", "TypeScript", 71, 0, 0, 60, 12, 143
"/Users/jonathanlathrop/Desktop/Appointment-moving/appointment2/Appointments2 copy/src/app/console/console/invoiceEvent.ts", "TypeScript", 5, 0, 0, 0, 0, 5
"/Users/jonathanlathrop/Desktop/Appointment-moving/appointment2/Appointments2 copy/src/app/console/custom-paginator/custom-paginator.component.html", "HTML", 0, 19, 0, 0, 7, 26
"/Users/jonathanlathrop/Desktop/Appointment-moving/appointment2/Appointments2 copy/src/app/console/custom-paginator/custom-paginator.component.scss", "SCSS", 0, 0, 36, 0, 4, 40
"/Users/jonathanlathrop/Desktop/Appointment-moving/appointment2/Appointments2 copy/src/app/console/custom-paginator/custom-paginator.component.spec.ts", "TypeScript", 20, 0, 0, 0, 6, 26
"/Users/jonathanlathrop/Desktop/Appointment-moving/appointment2/Appointments2 copy/src/app/console/custom-paginator/custom-paginator.component.ts", "TypeScript", 92, 0, 0, 1, 21, 114
"/Users/jonathanlathrop/Desktop/Appointment-moving/appointment2/Appointments2 copy/src/app/console/custom-paginator/sortieService.service.ts", "TypeScript", 11, 0, 0, 0, 10, 21
"/Users/jonathanlathrop/Desktop/Appointment-moving/appointment2/Appointments2 copy/src/app/console/edit/edit.component.html", "HTML", 0, 39, 0, 0, 7, 46
"/Users/jonathanlathrop/Desktop/Appointment-moving/appointment2/Appointments2 copy/src/app/console/edit/edit.component.scss", "SCSS", 0, 0, 14, 0, 0, 14
"/Users/jonathanlathrop/Desktop/Appointment-moving/appointment2/Appointments2 copy/src/app/console/edit/edit.component.spec.ts", "TypeScript", 20, 0, 0, 0, 6, 26
"/Users/jonathanlathrop/Desktop/Appointment-moving/appointment2/Appointments2 copy/src/app/console/edit/edit.component.ts", "TypeScript", 117, 0, 0, 61, 21, 199
"/Users/jonathanlathrop/Desktop/Appointment-moving/appointment2/Appointments2 copy/src/app/console/finish/finish.component.html", "HTML", 0, 14, 0, 0, 5, 19
"/Users/jonathanlathrop/Desktop/Appointment-moving/appointment2/Appointments2 copy/src/app/console/finish/finish.component.scss", "SCSS", 0, 0, 5, 0, 0, 5
"/Users/jonathanlathrop/Desktop/Appointment-moving/appointment2/Appointments2 copy/src/app/console/finish/finish.component.spec.ts", "TypeScript", 20, 0, 0, 0, 6, 26
"/Users/jonathanlathrop/Desktop/Appointment-moving/appointment2/Appointments2 copy/src/app/console/finish/finish.component.ts", "TypeScript", 73, 0, 0, 5, 17, 95
"/Users/jonathanlathrop/Desktop/Appointment-moving/appointment2/Appointments2 copy/src/app/console/invoice-dialog/invoice-dialog.component.html", "HTML", 0, 13, 0, 0, 1, 14
"/Users/jonathanlathrop/Desktop/Appointment-moving/appointment2/Appointments2 copy/src/app/console/invoice-dialog/invoice-dialog.component.scss", "SCSS", 0, 0, 0, 0, 1, 1
"/Users/jonathanlathrop/Desktop/Appointment-moving/appointment2/Appointments2 copy/src/app/console/invoice-dialog/invoice-dialog.component.spec.ts", "TypeScript", 20, 0, 0, 0, 6, 26
"/Users/jonathanlathrop/Desktop/Appointment-moving/appointment2/Appointments2 copy/src/app/console/invoice-dialog/invoice-dialog.component.ts", "TypeScript", 27, 0, 0, 0, 7, 34
"/Users/jonathanlathrop/Desktop/Appointment-moving/appointment2/Appointments2 copy/src/app/console/mainService/mainService.service.ts", "TypeScript", 331, 0, 0, 49, 63, 443
"/Users/jonathanlathrop/Desktop/Appointment-moving/appointment2/Appointments2 copy/src/app/console/mainService/payment.model.ts", "TypeScript", 5, 0, 0, 0, 1, 6
"/Users/jonathanlathrop/Desktop/Appointment-moving/appointment2/Appointments2 copy/src/app/console/payments/payments.component.html", "HTML", 0, 35, 0, 3, 11, 49
"/Users/jonathanlathrop/Desktop/Appointment-moving/appointment2/Appointments2 copy/src/app/console/payments/payments.component.scss", "SCSS", 0, 0, 104, 0, 18, 122
"/Users/jonathanlathrop/Desktop/Appointment-moving/appointment2/Appointments2 copy/src/app/console/payments/payments.component.spec.ts", "TypeScript", 20, 0, 0, 0, 6, 26
"/Users/jonathanlathrop/Desktop/Appointment-moving/appointment2/Appointments2 copy/src/app/console/payments/payments.component.ts", "TypeScript", 96, 0, 0, 5, 16, 117
"/Users/jonathanlathrop/Desktop/Appointment-moving/appointment2/Appointments2 copy/src/app/console/table/pageVent.model.ts", "TypeScript", 4, 0, 0, 0, 0, 4
"/Users/jonathanlathrop/Desktop/Appointment-moving/appointment2/Appointments2 copy/src/app/console/table/returnable.ts", "TypeScript", 23, 0, 0, 12, 3, 38
"/Users/jonathanlathrop/Desktop/Appointment-moving/appointment2/Appointments2 copy/src/app/console/table/table.component.html", "HTML", 0, 121, 0, 4, 26, 151
"/Users/jonathanlathrop/Desktop/Appointment-moving/appointment2/Appointments2 copy/src/app/console/table/table.component.scss", "SCSS", 0, 0, 322, 0, 58, 380
"/Users/jonathanlathrop/Desktop/Appointment-moving/appointment2/Appointments2 copy/src/app/console/table/table.component.spec.ts", "TypeScript", 20, 0, 0, 0, 6, 26
"/Users/jonathanlathrop/Desktop/Appointment-moving/appointment2/Appointments2 copy/src/app/console/table/table.component.ts", "TypeScript", 772, 0, 0, 118, 141, 1031
"/Users/jonathanlathrop/Desktop/Appointment-moving/appointment2/Appointments2 copy/src/app/console/testimonials/testimonials.component.html", "HTML", 0, 62, 0, 3, 15, 80
"/Users/jonathanlathrop/Desktop/Appointment-moving/appointment2/Appointments2 copy/src/app/console/testimonials/testimonials.component.scss", "SCSS", 0, 0, 99, 0, 18, 117
"/Users/jonathanlathrop/Desktop/Appointment-moving/appointment2/Appointments2 copy/src/app/console/testimonials/testimonials.component.spec.ts", "TypeScript", 20, 0, 0, 0, 6, 26
"/Users/jonathanlathrop/Desktop/Appointment-moving/appointment2/Appointments2 copy/src/app/console/testimonials/testimonials.component.ts", "TypeScript", 150, 0, 0, 25, 25, 200
"/Users/jonathanlathrop/Desktop/Appointment-moving/appointment2/Appointments2 copy/src/app/error-interceptor.ts", "TypeScript", 28, 0, 0, 1, 5, 34
"/Users/jonathanlathrop/Desktop/Appointment-moving/appointment2/Appointments2 copy/src/app/error/error.component.html", "HTML", 0, 7, 0, 0, 1, 8
"/Users/jonathanlathrop/Desktop/Appointment-moving/appointment2/Appointments2 copy/src/app/error/error.component.scss", "SCSS", 0, 0, 0, 0, 1, 1
"/Users/jonathanlathrop/Desktop/Appointment-moving/appointment2/Appointments2 copy/src/app/error/error.component.spec.ts", "TypeScript", 20, 0, 0, 0, 6, 26
"/Users/jonathanlathrop/Desktop/Appointment-moving/appointment2/Appointments2 copy/src/app/error/error.component.ts", "TypeScript", 9, 0, 0, 17, 6, 32
"/Users/jonathanlathrop/Desktop/Appointment-moving/appointment2/Appointments2 copy/src/app/error/error.service.ts", "TypeScript", 15, 0, 0, 0, 5, 20
"/Users/jonathanlathrop/Desktop/Appointment-moving/appointment2/Appointments2 copy/src/app/formattedAppointment.model.ts", "TypeScript", 51, 0, 0, 0, 3, 54
"/Users/jonathanlathrop/Desktop/Appointment-moving/appointment2/Appointments2 copy/src/app/frontpage/frontpage.component.html", "HTML", 0, 41, 0, 0, 36, 77
"/Users/jonathanlathrop/Desktop/Appointment-moving/appointment2/Appointments2 copy/src/app/frontpage/frontpage.component.scss", "SCSS", 0, 0, 144, 0, 190, 334
"/Users/jonathanlathrop/Desktop/Appointment-moving/appointment2/Appointments2 copy/src/app/frontpage/frontpage.component.spec.ts", "TypeScript", 20, 0, 0, 0, 6, 26
"/Users/jonathanlathrop/Desktop/Appointment-moving/appointment2/Appointments2 copy/src/app/frontpage/frontpage.component.ts", "TypeScript", 12, 0, 0, 0, 4, 16
"/Users/jonathanlathrop/Desktop/Appointment-moving/appointment2/Appointments2 copy/src/app/frontpageadmin/frontpageAdmin.component.html", "HTML", 0, 158, 0, 0, 228, 386
"/Users/jonathanlathrop/Desktop/Appointment-moving/appointment2/Appointments2 copy/src/app/frontpageadmin/frontpageAdmin.component.scss", "SCSS", 0, 0, 0, 0, 1, 1
"/Users/jonathanlathrop/Desktop/Appointment-moving/appointment2/Appointments2 copy/src/app/frontpageadmin/frontpageAdmin.component.spec.ts", "TypeScript", 20, 0, 0, 0, 6, 26
"/Users/jonathanlathrop/Desktop/Appointment-moving/appointment2/Appointments2 copy/src/app/frontpageadmin/frontpageAdmin.component.ts", "TypeScript", 11, 0, 0, 0, 5, 16
"/Users/jonathanlathrop/Desktop/Appointment-moving/appointment2/Appointments2 copy/src/app/header/header.component.html", "HTML", 0, 18, 0, 0, 11, 29
"/Users/jonathanlathrop/Desktop/Appointment-moving/appointment2/Appointments2 copy/src/app/header/header.component.scss", "SCSS", 0, 0, 121, 0, 184, 305
"/Users/jonathanlathrop/Desktop/Appointment-moving/appointment2/Appointments2 copy/src/app/header/header.component.spec.ts", "TypeScript", 20, 0, 0, 0, 6, 26
"/Users/jonathanlathrop/Desktop/Appointment-moving/appointment2/Appointments2 copy/src/app/header/header.component.ts", "TypeScript", 14, 0, 0, 0, 5, 19
"/Users/jonathanlathrop/Desktop/Appointment-moving/appointment2/Appointments2 copy/src/app/logout/logout.component.html", "HTML", 0, 1, 0, 0, 1, 2
"/Users/jonathanlathrop/Desktop/Appointment-moving/appointment2/Appointments2 copy/src/app/logout/logout.component.scss", "SCSS", 0, 0, 0, 0, 1, 1
"/Users/jonathanlathrop/Desktop/Appointment-moving/appointment2/Appointments2 copy/src/app/logout/logout.component.spec.ts", "TypeScript", 20, 0, 0, 0, 6, 26
"/Users/jonathanlathrop/Desktop/Appointment-moving/appointment2/Appointments2 copy/src/app/logout/logout.component.ts", "TypeScript", 11, 0, 0, 0, 5, 16
"/Users/jonathanlathrop/Desktop/Appointment-moving/appointment2/Appointments2 copy/src/app/payment/payment-page/payment-page.component.html", "HTML", 0, 55, 0, 0, 9, 64
"/Users/jonathanlathrop/Desktop/Appointment-moving/appointment2/Appointments2 copy/src/app/payment/payment-page/payment-page.component.scss", "SCSS", 0, 0, 85, 0, 4, 89
"/Users/jonathanlathrop/Desktop/Appointment-moving/appointment2/Appointments2 copy/src/app/payment/payment-page/payment-page.component.spec.ts", "TypeScript", 20, 0, 0, 0, 6, 26
"/Users/jonathanlathrop/Desktop/Appointment-moving/appointment2/Appointments2 copy/src/app/payment/payment-page/payment-page.component.ts", "TypeScript", 82, 0, 0, 20, 13, 115
"/Users/jonathanlathrop/Desktop/Appointment-moving/appointment2/Appointments2 copy/src/app/payment/payment-page/payment.ts", "TypeScript", 7, 0, 0, 0, 2, 9
"/Users/jonathanlathrop/Desktop/Appointment-moving/appointment2/Appointments2 copy/src/app/payment/payment.component.html", "HTML", 0, 19, 0, 0, 2, 21
"/Users/jonathanlathrop/Desktop/Appointment-moving/appointment2/Appointments2 copy/src/app/payment/payment.component.scss", "SCSS", 0, 0, 11, 0, 1, 12
"/Users/jonathanlathrop/Desktop/Appointment-moving/appointment2/Appointments2 copy/src/app/payment/payment.component.spec.ts", "TypeScript", 20, 0, 0, 0, 6, 26
"/Users/jonathanlathrop/Desktop/Appointment-moving/appointment2/Appointments2 copy/src/app/payment/payment.component.ts", "TypeScript", 74, 0, 0, 16, 14, 104
"/Users/jonathanlathrop/Desktop/Appointment-moving/appointment2/Appointments2 copy/src/app/resize/resize.service.ts", "TypeScript", 31, 0, 0, 5, 7, 43
"/Users/jonathanlathrop/Desktop/Appointment-moving/appointment2/Appointments2 copy/src/app/success/success.component.html", "HTML", 0, 8, 0, 0, 3, 11
"/Users/jonathanlathrop/Desktop/Appointment-moving/appointment2/Appointments2 copy/src/app/success/success.component.scss", "SCSS", 0, 0, 0, 0, 1, 1
"/Users/jonathanlathrop/Desktop/Appointment-moving/appointment2/Appointments2 copy/src/app/success/success.component.ts", "TypeScript", 26, 0, 0, 1, 5, 32
"/Users/jonathanlathrop/Desktop/Appointment-moving/appointment2/Appointments2 copy/src/app/success/success.module.ts", "TypeScript", 14, 0, 0, 0, 4, 18
"/Users/jonathanlathrop/Desktop/Appointment-moving/appointment2/Appointments2 copy/src/app/testimonials/basic-dialog/basic-dialog.component.html", "HTML", 0, 10, 0, 0, 1, 11
"/Users/jonathanlathrop/Desktop/Appointment-moving/appointment2/Appointments2 copy/src/app/testimonials/basic-dialog/basic-dialog.component.scss", "SCSS", 0, 0, 2, 0, 0, 2
"/Users/jonathanlathrop/Desktop/Appointment-moving/appointment2/Appointments2 copy/src/app/testimonials/basic-dialog/basic-dialog.component.spec.ts", "TypeScript", 20, 0, 0, 0, 6, 26
"/Users/jonathanlathrop/Desktop/Appointment-moving/appointment2/Appointments2 copy/src/app/testimonials/basic-dialog/basic-dialog.component.ts", "TypeScript", 25, 0, 0, 0, 6, 31
"/Users/jonathanlathrop/Desktop/Appointment-moving/appointment2/Appointments2 copy/src/app/testimonials/make/make.component.html", "HTML", 0, 31, 0, 0, 4, 35
"/Users/jonathanlathrop/Desktop/Appointment-moving/appointment2/Appointments2 copy/src/app/testimonials/make/make.component.scss", "SCSS", 0, 0, 9, 0, 0, 9
"/Users/jonathanlathrop/Desktop/Appointment-moving/appointment2/Appointments2 copy/src/app/testimonials/make/make.component.spec.ts", "TypeScript", 20, 0, 0, 0, 6, 26
"/Users/jonathanlathrop/Desktop/Appointment-moving/appointment2/Appointments2 copy/src/app/testimonials/make/make.component.ts", "TypeScript", 205, 0, 0, 9, 41, 255
"/Users/jonathanlathrop/Desktop/Appointment-moving/appointment2/Appointments2 copy/src/app/testimonials/make/selector/hero.model.ts", "TypeScript", 4, 0, 0, 0, 0, 4
"/Users/jonathanlathrop/Desktop/Appointment-moving/appointment2/Appointments2 copy/src/app/testimonials/make/selector/selector.component.html", "HTML", 0, 13, 0, 0, 2, 15
"/Users/jonathanlathrop/Desktop/Appointment-moving/appointment2/Appointments2 copy/src/app/testimonials/make/selector/selector.component.scss", "SCSS", 0, 0, 29, 0, 2, 31
"/Users/jonathanlathrop/Desktop/Appointment-moving/appointment2/Appointments2 copy/src/app/testimonials/make/selector/selector.component.spec.ts", "TypeScript", 20, 0, 0, 0, 6, 26
"/Users/jonathanlathrop/Desktop/Appointment-moving/appointment2/Appointments2 copy/src/app/testimonials/make/selector/selector.component.ts", "TypeScript", 65, 0, 0, 15, 10, 90
"/Users/jonathanlathrop/Desktop/Appointment-moving/appointment2/Appointments2 copy/src/app/testimonials/testimonials-routing.module.ts", "TypeScript", 17, 0, 0, 2, 4, 23
"/Users/jonathanlathrop/Desktop/Appointment-moving/appointment2/Appointments2 copy/src/app/testimonials/testimonials.component.html", "HTML", 0, 17, 0, 0, 2, 19
"/Users/jonathanlathrop/Desktop/Appointment-moving/appointment2/Appointments2 copy/src/app/testimonials/testimonials.component.scss", "SCSS", 0, 0, 32, 0, 0, 32
"/Users/jonathanlathrop/Desktop/Appointment-moving/appointment2/Appointments2 copy/src/app/testimonials/testimonials.component.spec.ts", "TypeScript", 20, 0, 0, 0, 6, 26
"/Users/jonathanlathrop/Desktop/Appointment-moving/appointment2/Appointments2 copy/src/app/testimonials/testimonials.component.ts", "TypeScript", 35, 0, 0, 0, 7, 42
"/Users/jonathanlathrop/Desktop/Appointment-moving/appointment2/Appointments2 copy/src/app/testimonials/testimonials.module.ts", "TypeScript", 26, 0, 0, 9, 4, 39
"/Users/jonathanlathrop/Desktop/Appointment-moving/appointment2/Appointments2 copy/src/environments/environment.prod.ts", "TypeScript", 3, 0, 0, 0, 1, 4
"/Users/jonathanlathrop/Desktop/Appointment-moving/appointment2/Appointments2 copy/src/environments/environment.ts", "TypeScript", 3, 0, 0, 11, 3, 17
"/Users/jonathanlathrop/Desktop/Appointment-moving/appointment2/Appointments2 copy/src/index.html", "HTML", 0, 16, 0, 0, 1, 17
"/Users/jonathanlathrop/Desktop/Appointment-moving/appointment2/Appointments2 copy/src/main.ts", "TypeScript", 9, 0, 0, 0, 4, 13
"/Users/jonathanlathrop/Desktop/Appointment-moving/appointment2/Appointments2 copy/src/polyfills.ts", "TypeScript", 1, 0, 0, 57, 8, 66
"/Users/jonathanlathrop/Desktop/Appointment-moving/appointment2/Appointments2 copy/src/sass/base/_normalize.scss", "SCSS", 0, 0, 143, 126, 73, 342
"/Users/jonathanlathrop/Desktop/Appointment-moving/appointment2/Appointments2 copy/src/sass/main.scss", "SCSS", 0, 0, 2, 0, 1, 3
"/Users/jonathanlathrop/Desktop/Appointment-moving/appointment2/Appointments2 copy/src/styles.scss", "SCSS", 0, 0, 28, 0, 5, 33
"/Users/jonathanlathrop/Desktop/Appointment-moving/appointment2/Appointments2 copy/src/test.ts", "TypeScript", 18, 0, 0, 4, 4, 26
"Total", "-", 4651, 849, 1416, 807, 1916, 9639