"filename", "language", "JavaScript", "JSON", "CSS", "HTML", "comment", "blank", "total"
"/Users/jonathanlathrop/Desktop/Appointment-moving/appointment2/Appointments2 copy/backend/angular/5.3bc6e82a6b4d1df9c9c0.js", "JavaScript", 1, 0, 0, 0, 0, 0, 1
"/Users/jonathanlathrop/Desktop/Appointment-moving/appointment2/Appointments2 copy/backend/angular/assets/graph.js", "JavaScript", 130, 0, 0, 0, 5, 15, 150
"/Users/jonathanlathrop/Desktop/Appointment-moving/appointment2/Appointments2 copy/backend/angular/index.html", "HTML", 0, 0, 0, 16, 0, 2, 18
"/Users/jonathanlathrop/Desktop/Appointment-moving/appointment2/Appointments2 copy/backend/angular/main.61d6290c17cf7bb0d66e.js", "JavaScript", 1, 0, 0, 0, 1, 0, 2
"/Users/jonathanlathrop/Desktop/Appointment-moving/appointment2/Appointments2 copy/backend/angular/polyfills-es5.a721b8b874123d7d422a.js", "JavaScript", 1, 0, 0, 0, 1, 0, 2
"/Users/jonathanlathrop/Desktop/Appointment-moving/appointment2/Appointments2 copy/backend/angular/polyfills.d8827e9411c2371410e7.js", "JavaScript", 1, 0, 0, 0, 1, 0, 2
"/Users/jonathanlathrop/Desktop/Appointment-moving/appointment2/Appointments2 copy/backend/angular/runtime.7094e2aca620bcd90e94.js", "JavaScript", 1, 0, 0, 0, 0, 0, 1
"/Users/jonathanlathrop/Desktop/Appointment-moving/appointment2/Appointments2 copy/backend/angular/styles.97174bcbe81ce28429d1.css", "CSS", 0, 0, 1, 0, 0, 0, 1
"/Users/jonathanlathrop/Desktop/Appointment-moving/appointment2/Appointments2 copy/backend/app.js", "JavaScript", 51, 0, 0, 0, 17, 12, 80
"/Users/jonathanlathrop/Desktop/Appointment-moving/appointment2/Appointments2 copy/backend/controllers/admin.js", "JavaScript", 273, 0, 0, 0, 34, 23, 330
"/Users/jonathanlathrop/Desktop/Appointment-moving/appointment2/Appointments2 copy/backend/controllers/date.js", "JavaScript", 36, 0, 0, 0, 0, 10, 46
"/Users/jonathanlathrop/Desktop/Appointment-moving/appointment2/Appointments2 copy/backend/controllers/pay.js", "JavaScript", 168, 0, 0, 0, 38, 18, 224
"/Users/jonathanlathrop/Desktop/Appointment-moving/appointment2/Appointments2 copy/backend/controllers/posts.js", "JavaScript", 583, 0, 0, 0, 61, 83, 727
"/Users/jonathanlathrop/Desktop/Appointment-moving/appointment2/Appointments2 copy/backend/controllers/testimonials.js", "JavaScript", 166, 0, 0, 0, 1, 32, 199
"/Users/jonathanlathrop/Desktop/Appointment-moving/appointment2/Appointments2 copy/backend/controllers/user.js", "JavaScript", 239, 0, 0, 0, 10, 35, 284
"/Users/jonathanlathrop/Desktop/Appointment-moving/appointment2/Appointments2 copy/backend/middleware/check-auth.js", "JavaScript", 12, 0, 0, 0, 0, 1, 13
"/Users/jonathanlathrop/Desktop/Appointment-moving/appointment2/Appointments2 copy/backend/middleware/confirmEmail.js", "JavaScript", 2, 0, 0, 0, 5, 6, 13
"/Users/jonathanlathrop/Desktop/Appointment-moving/appointment2/Appointments2 copy/backend/middleware/file.js", "JavaScript", 26, 0, 0, 0, 0, 4, 30
"/Users/jonathanlathrop/Desktop/Appointment-moving/appointment2/Appointments2 copy/backend/models/appointment.js", "JavaScript", 18, 0, 0, 0, 0, 4, 22
"/Users/jonathanlathrop/Desktop/Appointment-moving/appointment2/Appointments2 copy/backend/models/blogInfo.js", "JavaScript", 6, 0, 0, 0, 0, 3, 9
"/Users/jonathanlathrop/Desktop/Appointment-moving/appointment2/Appointments2 copy/backend/models/hero.js", "JavaScript", 6, 0, 0, 0, 0, 3, 9
"/Users/jonathanlathrop/Desktop/Appointment-moving/appointment2/Appointments2 copy/backend/models/mailVar.js", "JavaScript", 3, 0, 0, 0, 0, 2, 5
"/Users/jonathanlathrop/Desktop/Appointment-moving/appointment2/Appointments2 copy/backend/models/oneTime.js", "JavaScript", 5, 0, 0, 0, 0, 3, 8
"/Users/jonathanlathrop/Desktop/Appointment-moving/appointment2/Appointments2 copy/backend/models/orderlist.js", "JavaScript", 6, 0, 0, 0, 0, 3, 9
"/Users/jonathanlathrop/Desktop/Appointment-moving/appointment2/Appointments2 copy/backend/models/payment.js", "JavaScript", 10, 0, 0, 0, 0, 3, 13
"/Users/jonathanlathrop/Desktop/Appointment-moving/appointment2/Appointments2 copy/backend/models/pictureBlock.js", "JavaScript", 6, 0, 0, 0, 0, 3, 9
"/Users/jonathanlathrop/Desktop/Appointment-moving/appointment2/Appointments2 copy/backend/models/post.js", "JavaScript", 9, 0, 0, 0, 0, 3, 12
"/Users/jonathanlathrop/Desktop/Appointment-moving/appointment2/Appointments2 copy/backend/models/postAdmin.js", "JavaScript", 11, 0, 0, 0, 0, 3, 14
"/Users/jonathanlathrop/Desktop/Appointment-moving/appointment2/Appointments2 copy/backend/models/postAdminST.js", "JavaScript", 11, 0, 0, 0, 0, 3, 14
"/Users/jonathanlathrop/Desktop/Appointment-moving/appointment2/Appointments2 copy/backend/models/recordId.js", "JavaScript", 7, 0, 0, 0, 0, 3, 10
"/Users/jonathanlathrop/Desktop/Appointment-moving/appointment2/Appointments2 copy/backend/models/testimonial.js", "JavaScript", 11, 0, 0, 0, 0, 3, 14
"/Users/jonathanlathrop/Desktop/Appointment-moving/appointment2/Appointments2 copy/backend/models/tokemeister.js", "JavaScript", 8, 0, 0, 0, 0, 1, 9
"/Users/jonathanlathrop/Desktop/Appointment-moving/appointment2/Appointments2 copy/backend/models/token.js", "JavaScript", 10, 0, 0, 0, 0, 1, 11
"/Users/jonathanlathrop/Desktop/Appointment-moving/appointment2/Appointments2 copy/backend/models/user.js", "JavaScript", 15, 0, 0, 0, 0, 4, 19
"/Users/jonathanlathrop/Desktop/Appointment-moving/appointment2/Appointments2 copy/backend/package-lock.json", "JSON", 0, 3027, 0, 0, 0, 1, 3028
"/Users/jonathanlathrop/Desktop/Appointment-moving/appointment2/Appointments2 copy/backend/package.json", "JSON", 0, 76, 0, 0, 0, 1, 77
"/Users/jonathanlathrop/Desktop/Appointment-moving/appointment2/Appointments2 copy/backend/routes/admin.js", "JavaScript", 16, 0, 0, 0, 0, 14, 30
"/Users/jonathanlathrop/Desktop/Appointment-moving/appointment2/Appointments2 copy/backend/routes/administrate.js", "JavaScript", 5, 0, 0, 0, 2, 5, 12
"/Users/jonathanlathrop/Desktop/Appointment-moving/appointment2/Appointments2 copy/backend/routes/confirm.js", "JavaScript", 8, 0, 0, 0, 0, 9, 17
"/Users/jonathanlathrop/Desktop/Appointment-moving/appointment2/Appointments2 copy/backend/routes/confirma.js", "JavaScript", 7, 0, 0, 0, 2, 5, 14
"/Users/jonathanlathrop/Desktop/Appointment-moving/appointment2/Appointments2 copy/backend/routes/date.js", "JavaScript", 7, 0, 0, 0, 2, 6, 15
"/Users/jonathanlathrop/Desktop/Appointment-moving/appointment2/Appointments2 copy/backend/routes/pay.js", "JavaScript", 13, 0, 0, 0, 0, 0, 13
"/Users/jonathanlathrop/Desktop/Appointment-moving/appointment2/Appointments2 copy/backend/routes/posts.js", "JavaScript", 18, 0, 0, 0, 3, 4, 25
"/Users/jonathanlathrop/Desktop/Appointment-moving/appointment2/Appointments2 copy/backend/routes/testimonials.js", "JavaScript", 17, 0, 0, 0, 2, 4, 23
"/Users/jonathanlathrop/Desktop/Appointment-moving/appointment2/Appointments2 copy/backend/routes/user.js", "JavaScript", 8, 0, 0, 0, 1, 11, 20
"/Users/jonathanlathrop/Desktop/Appointment-moving/appointment2/Appointments2 copy/backend/server.js", "JavaScript", 42, 0, 0, 0, 2, 9, 53
"Total", "-", 1974, 3103, 1, 16, 188, 355, 5637